{
  "version": 2,
  "framework": "vite",
  "buildCommand": "npm run build",
  "outputDirectory": "dist",
  "installCommand": "npm install",
  "devCommand": "npm run dev",
  "builds": [
    {
      "src": "package.json",
      "use": "@vercel/static-build",
      "config": {
        "distDir": "dist"
      }
    }
  ],
  "routes": [
    {
      "src": "/assets/(.*)",
      "headers": {
        "Cache-Control": "public, max-age=31536000, immutable"
      }
    },
    {
      "src": "/manifest.json",
      "headers": {
        "Cache-Control": "public, max-age=86400"
      }
    },
    {
      "src": "/robots.txt",
      "headers": {
        "Cache-Control": "public, max-age=86400"
      }
    },
    {
      "src": "/sitemap.xml",
      "headers": {
        "Cache-Control": "public, max-age=86400"
      }
    },
    {
      "handle": "filesystem"
    },
    {
      "src": "/(.*)",
      "dest": "/index.html"
    }
  ],
  "headers": [
    {
      "source": "/(.*)",
      "headers": [
        {
          "key": "X-Content-Type-Options",
          "value": "nosniff"
        },
        {
          "key": "X-Frame-Options",
          "value": "DENY"
        },
        {
          "key": "X-XSS-Protection",
          "value": "1; mode=block"
        },
        {
          "key": "Referrer-Policy",
          "value": "strict-origin-when-cross-origin"
        },
        {
          "key": "Permissions-Policy",
          "value": "camera=(), microphone=(), geolocation=()"
        }
      ]
    },
    {
      "source": "/assets/(.*)",
      "headers": [
        {
          "key": "Cache-Control",
          "value": "public, max-age=31536000, immutable"
        }
      ]
    }
  ],
  "env": {
    "VITE_SITE_NAME": "Raleskip Portfolio",
    "VITE_SITE_URL": "https://raleskip.vercel.app",
    "VITE_APP_VERSION": "1.0.0",
    "NODE_ENV": "production"
  },
  "regions": ["iad1", "sfo1"],
  "functions": {},
  "redirects": [
    {
      "source": "/home",
      "destination": "/#home",
      "permanent": true
    },
    {
      "source": "/about",
      "destination": "/#about", 
      "permanent": true
    },
    {
      "source": "/skills",
      "destination": "/#skills",
      "permanent": true
    },
    {
      "source": "/journey",
      "destination": "/#journey",
      "permanent": true
    },
    {
      "source": "/projects",
      "destination": "/#projects",
      "permanent": true
    },
    {
      "source": "/contact",
      "destination": "/#contact",
      "permanent": true
    }
  ]
}